[{"CollegeName":"IIT-MADRAS","CourseName":"CS","Seats":"81","OpeningRank":"85","
ClosingRank":"163","Mode":"Jee Advance"},
{"CollegeName":"IIT-DELHI","CourseName":"CS","Seats":"93","OpeningRank":"3","Closi
ngRank":"100","Mode":"Jee Advance"},
{"CollegeName":"IIT-BOMBAY","CourseName":"CS","Seats":"145","OpeningRank":"1","
ClosingRank":"67","Mode":"Jee Advance"},
{"CollegeName":"IIT-KANPUR","CourseName":"CS","Seats":"103","OpeningRank":"100"
,"ClosingRank":"216","Mode":"Jee Advance"},
{"CollegeName":"IIT-KHARAGPUR","CourseName":"CS","Seats":"68","OpeningRank":"2
07","ClosingRank":"285","Mode":"Jee Advance"},
{"CollegeName":"IIT-ROORKEE","CourseName":"CS","Seats":"94","OpeningRank":"32","
ClosingRank":"414","Mode":"Jee Advance"},
{"CollegeName":"IIT-GUWAHATI","CourseName":"CS","Seats":"99","OpeningRank":"339
","ClosingRank":"600","Mode":"Jee Advance"},
{"CollegeName":"IIT-HYDERABAD","CourseName":"CS","Seats":"60","OpeningRank":"19
1","ClosingRank":"521","Mode":"Jee Advance"},
{"CollegeName":"NIT-TIRUCHIRAPPALLI","CourseName":"CS","Seats":"59","OpeningRan
k":"1","ClosingRank":"500","Mode":"Jee Mains"},
{"CollegeName":"NIT-KARNATAKA","CourseName":"CS","Seats":"58","OpeningRank":"1
64","ClosingRank":"2734","Mode":"Jee Mains"},
{"CollegeName":"IIT-MADRAS","CourseName":"EE","Seats":"148","OpeningRank":"280"
,"ClosingRank":"1007","Mode":"Jee Advance"},
{"CollegeName":"IIT-DELHI","CourseName":"EE","Seats":"110","OpeningRank":"364","C
losingRank":"553","Mode":"Jee Advance"},
{"CollegeName":"IIT-BOMBAY","CourseName":"EE","Seats":"81","OpeningRank":"95","
ClosingRank":"434","Mode":"Jee Advance"},
{"CollegeName":"IIT-KANPUR","CourseName":"EE","Seats":"153","OpeningRank":"685",
"ClosingRank":"1297","Mode":"Jee Advance"},
{"CollegeName":"IIT-KHARAGPUR","CourseName":"EE","Seats":"69","OpeningRank":"7
76","ClosingRank":"1620","Mode":"Jee Advance"},
{"CollegeName":"IIT-ROORKEE","CourseName":"EE","Seats":"150","OpeningRank":"141
0","ClosingRank":"2074","Mode":"Jee Advance"},
{"CollegeName":"IIT-GUWAHATI","CourseName":"EE","Seats":"52","OpeningRank":"180
0","ClosingRank":"2115","Mode":"Jee Advance"},
{"CollegeName":"IIT-HYDERABAD","CourseName":"EE","Seats":"60","OpeningRank":"11
64","ClosingRank":"1986","Mode":"Jee Advance"},
{"CollegeName":"NIT-TIRUCHIRAPPALLI","CourseName":"EE","Seats":"58","OpeningRan
k":"2608","ClosingRank":"4818","Mode":"Jee Mains"},
{"CollegeName":"NIT-KARNATAKA","CourseName":"EE","Seats":"58","OpeningRank":"5
003","ClosingRank":"6981","Mode":"Jee Mains"},
{"CollegeName":"IIT-MADRAS","CourseName":"CIVIL","Seats":"121","OpeningRank":"3
515","ClosingRank":"5458","Mode":"Jee Advance"},
{"CollegeName":"IIT-DELHI","CourseName":"CIVIL","Seats":"108","OpeningRank":"523",
"ClosingRank":"3832","Mode":"Jee Advance"},
{"CollegeName":"IIT-BOMBAY","CourseName":"CIVIL","Seats":"146","OpeningRank":"2
017","ClosingRank":"3304","Mode":"Jee Advance"},
{"CollegeName":"IIT-KANPUR","CourseName":"CIVIL","Seats":"118","OpeningRank":"36
84","ClosingRank":"5648","Mode":"Jee Advance"},
{"CollegeName":"IIT-KHARAGPUR","CourseName":"CIVIL","Seats":"77","OpeningRank":
"1760","ClosingRank":"5855","Mode":"Jee Advance"},
{"CollegeName":"IIT-ROORKEE","CourseName":"CIVIL","Seats":"169","OpeningRank":"4
215","ClosingRank":"6418","Mode":"Jee Advance"},
{"CollegeName":"IIT-GUWAHATI","CourseName":"CIVIL","Seats":"99","OpeningRank":"5
797","ClosingRank":"7545","Mode":"Jee Advance"},
{"CollegeName":"IIT-HYDERABAD","CourseName":"CIVIL","Seats":"55","OpeningRank":"
5768","ClosingRank":"7775","Mode":"Jee Advance"},
{"CollegeName":"NIT-TIRUCHIRAPPALLI","CourseName":"CIVIL","Seats":"59","OpeningR
ank":"386","ClosingRank":"13212","Mode":"Jee Mains"},
{"CollegeName":"NIT-KARNATAKA","CourseName":"CIVIL","Seats":"57","OpeningRank":
"12382","ClosingRank":"23143","Mode":"Jee Mains"},
{"CollegeName":"IIT-MADRAS","CourseName":"ME","Seats":"183","OpeningRank":"757
","ClosingRank":"2323","Mode":"Jee Advance"},
{"CollegeName":"IIT-DELHI","CourseName":"ME","Seats":"85","OpeningRank":"866","Cl
osingRank":"1743","Mode":"Jee Advance"},
{"CollegeName":"IIT-BOMBAY","CourseName":"ME","Seats":"146","OpeningRank":"157
","ClosingRank":"1241","Mode":"Jee Advance"},
{"CollegeName":"IIT-KANPUR","CourseName":"ME","Seats":"119","OpeningRank":"136
5","ClosingRank":"2823","Mode":"Jee Advance"},
{"CollegeName":"IIT-KHARAGPUR","CourseName":"ME","Seats":"84","OpeningRank":"1
810","ClosingRank":"2896","Mode":"Jee Advance"},
{"CollegeName":"IIT-ROORKEE","CourseName":"ME","Seats":"125","OpeningRank":"22
46","ClosingRank":"3759","Mode":"Jee Advance"},
{"CollegeName":"IIT-GUWAHATI","CourseName":"ME","Seats":"99","OpeningRank":"26
00","ClosingRank":"4132","Mode":"Jee Advance"},
{"CollegeName":"IIT-HYDERABAD","CourseName":"ME","Seats":"60","OpeningRank":"2
351","ClosingRank":"4273","Mode":"Jee Advance"},
{"CollegeName":"NIT-TIRUCHIRAPPALLI","CourseName":"ME","Seats":"59","OpeningRa
nk":"3357","ClosingRank":"7320","Mode":"Jee Mains"},
{"CollegeName":"NIT-KARNATAKA","CourseName":"ME","Seats":"87","OpeningRank":"
6359","ClosingRank":"11930","Mode":"Jee Mains"}]